epoch,loss,accuracy
1,0.447046,0.807500
2,0.204726,0.915000
3,0.088315,0.970000
4,0.037477,0.997500
5,0.019942,0.995000
6,0.008921,0.997500
7,0.004099,1.000000
8,0.001941,1.000000
9,0.001281,1.000000
10,0.000927,1.000000
